{
  "CTk": {
    "fg_color": ["#d5eae7", "#A392DA"]
  },
  "CTkToplevel": {
    "fg_color": ["#d5eae7", "#A392DA"]
  },
  "CTkFrame": {
    "corner_radius": 15,
    "border_width": 0,
    "fg_color": ["#b9d5cd", "#927CDA"],
    "top_fg_color": ["#a0c8bc", "#4934a3"],
    "border_color": ["gray65", "#B3A7E1"]
  },
  "CTkButton": {
    "corner_radius": 6,
    "border_width": 0,
    "fg_color": ["#28aa9d", "#7A6FBA"],
    "hover_color": ["#4934a3", "#927CDA"],
    "border_color": ["#3E454A", "#B3A7E1"],
    "text_color": ["#B3A7E1", "#FFFFFF"],
    "text_color_disabled": ["#83b3a6", "gray60"]
  },
  "CTkLabel": {
    "corner_radius": 0,
    "fg_color": "transparent",
    "text_color": ["#FFFFFF", "#FFFFFF"]
  },
  "CTkEntry": {
    "corner_radius": 6,
    "border_width": 2,
    "fg_color": ["#F9F9FA", "#343638"],
    "border_color": ["#979DA2", "#565B5E"],
    "text_color": ["gray14", "gray84"],
    "placeholder_text_color": ["gray52", "gray62"]
  },
  "CTkCheckBox": {
    "corner_radius": 6,
    "border_width": 3,
    "fg_color": ["#28aa9d", "#A392DA"],
    "border_color": ["#B3A7E1", "#B3A7E1"],
    "hover_color": ["#4934a3", "#927CDA"],
    "checkmark_color": ["#B3A7E1", "#B3A7E1"],
    "text_color": ["#B3A7E1", "#B3A7E1"],
    "text_color_disabled": ["gray60", "gray45"]
  },
  "CTkSwitch": {
    "corner_radius": 1000,
    "border_width": 3,
    "button_length": 0,
    "fg_color": ["#939BA2", "#4A4D50"],
    "progress_color": ["#28aa9d", "#A392DA"],
    "button_color": ["gray36", "#D5D9DE"],
    "button_hover_color": ["gray20", "gray100"],
    "text_color": ["gray14", "gray84"],
    "text_color_disabled": ["gray60", "gray45"]
  },
  "CTkRadioButton": {
    "corner_radius": 1000,
    "border_width_checked": 6,
    "border_width_unchecked": 3,
    "fg_color": ["#28aa9d", "#A392DA"],
    "border_color": ["#3E454A", "#949A9F"],
    "hover_color": ["#4934a3", "#927CDA"],
    "text_color": ["gray14", "gray84"],
    "text_color_disabled": ["gray60", "gray45"]
  },
  "CTkProgressBar": {
    "corner_radius": 1000,
    "border_width": 0,
    "fg_color": ["#939BA2", "#4A4D50"],
    "progress_color": ["#28aa9d", "#A392DA"],
    "border_color": ["gray", "gray"]
  },
  "CTkSlider": {
    "corner_radius": 1000,
    "button_corner_radius": 1000,
    "border_width": 6,
    "button_length": 0,
    "fg_color": ["#939BA2", "#4A4D50"],
    "progress_color": ["gray40", "#AAB0B5"],
    "button_color": ["#28aa9d", "#A392DA"],
    "button_hover_color": ["#4934a3", "#927CDA"]
  },
  "CTkOptionMenu": {
    "corner_radius": 6,
    "fg_color": ["#28aa9d", "#A392DA"],
    "button_color": ["#4934a3", "#927CDA"],
    "button_hover_color": ["#234567", "#1e2c40"],
    "text_color": ["#DCE4EE", "#DCE4EE"],
    "text_color_disabled": ["#83b3a6", "gray60"]
  },
  "CTkComboBox": {
    "corner_radius": 6,
    "border_width": 2,
    "fg_color": ["#F9F9FA", "#343638"],
    "border_color": ["#979DA2", "#565B5E"],
    "button_color": ["#979DA2", "#565B5E"],
    "button_hover_color": ["#6E7174", "#7A848D"],
    "text_color": ["gray14", "gray84"],
    "text_color_disabled": ["gray50", "gray45"]
  },
  "CTkScrollbar": {
    "corner_radius": 1000,
    "border_spacing": 4,
    "fg_color": "transparent",
    "button_color": ["gray55", "gray41"],
    "button_hover_color": ["gray40", "gray53"]
  },
  "CTkSegmentedButton": {
    "corner_radius": 6,
    "border_width": 2,
    "fg_color": ["#979DA2", "gray29"],
    "selected_color": ["#28aa9d", "#A392DA"],
    "selected_hover_color": ["#4934a3", "#927CDA"],
    "unselected_color": ["#979DA2", "gray29"],
    "unselected_hover_color": ["gray70", "gray41"],
    "text_color": ["#DCE4EE", "#DCE4EE"],
    "text_color_disabled": ["#83b3a6", "gray60"]
  },
  "CTkTextbox": {
    "corner_radius": 6,
    "border_width": 0,
    "fg_color": ["gray100", "gray20"],
    "border_color": ["#979DA2", "#565B5E"],
    "text_color": ["gray14", "gray84"],
    "scrollbar_button_color": ["gray55", "gray41"],
    "scrollbar_button_hover_color": ["gray40", "gray53"]
  },
  "CTkScrollableFrame": {
    "label_fg_color": ["gray80", "gray21"]
  },
  "DropdownMenu": {
    "fg_color": ["#b9d5cd", "gray20"],
    "hover_color": ["gray75", "#306665"],
    "text_color": ["gray14", "gray84"]
  },
  "CTkFont": {
    "macOS": {
      "family": "SF Display",
      "size": 13,
      "weight": "normal"
    },
    "Windows": {
      "family": "Roboto",
      "size": 13,
      "weight": "normal"
    },
    "Linux": {
      "family": "Roboto",
      "size": 13,
      "weight": "normal"
    }
  }
}
